,1.csv,2.csv,3.csv,4.csv,5.csv,6.csv,7.csv,8.csv,9.csv,10.csv,11.csv,12.csv,13.csv,14.csv,15.csv,16.csv,17.csv,18.csv,19.csv,20.csv,21.csv,22.csv,23.csv,24.csv,25.csv,26.csv,27.csv,28.csv,29.csv,30.csv,31.csv,32.csv,33.csv,34.csv,35.csv,36.csv,37.csv,38.csv,39.csv,40.csv,41.csv,42.csv,43.csv,44.csv,45.csv,46.csv,47.csv,48.csv,49.csv,50.csv,51.csv,52.csv,53.csv,54.csv,55.csv,56.csv,57.csv,58.csv,59.csv,60.csv
1.csv,1.0,0.9368870496684922,0.8169453808343828,0.9717524848692257,0.8211031882056066,0.9295361076188121,0.8382998665913337,0.8381754368738983,0.822350681824075,0.8985219211239688,0.9755069779819303,0.8382093138778157,0.8606141279292554,0.932253291911281,0.7804614085219036,0.8625878251688412,0.8937612403681988,0.8196888018404463,0.8924478077953959,0.9456218880419595,0.8926673276720004,0.7836181215998422,0.8262346590750129,0.7239433661354295,0.9045282787959958,0.9639570206973952,0.7587923326606094,0.7770476870008067,0.7790120136622566,0.7165298994432945,0.6887445196185841,0.0,0.9676138219515865,0.9714646757428508,0.9352061772353617,0.962457141970841,0.9710231984194333,0.9616648920764754,0.9415788406081872,0.9564635082417913,0.8115208788040198,0.9412724838576663,0.9355076799933641,0.9443908368951244,0.8166518645615325,0.7560166644482076,0.9369572103526079,0.8323391324861961,0.8664696001057286,0.7748655119523002,0.8954638715646354,0.9726299489234257,0.9709937962802054,0.9566877618932039,0.9688611779336299,0.877212383615592,0.9033265557440141,0.8866738785429915,0.8431834507028855,0.9625376104853671
2.csv,0.9377518180396448,1.0,0.876281342812596,0.928230252783138,0.8807135665703337,0.988189873103383,0.8941753129361341,0.9000172032615524,0.8833795302430625,0.955318710939292,0.9473271179618101,0.9015400344060607,0.9178525187342691,0.9565596957112189,0.7259548387191899,0.9202532198705982,0.951969899520853,0.8750615313213979,0.9466827350829757,0.9572660548394882,0.8531375323163988,0.7266399578953533,0.7716016901340988,0.6687203605406886,0.8517178884831212,0.9324972899095901,0.7036736792643812,0.7221536017810126,0.7214681084933627,0.6609735656178186,0.6338585511245766,0.0,0.9186428495550502,0.9270771554582018,0.9102406076134657,0.91052523431391,0.9502776815795698,0.900358941961878,0.9868145153687486,0.8969428617098231,0.867330207810102,0.9789067261457163,0.8808299787549242,0.9644601876169169,0.7639094099868349,0.7016140316414317,0.9726985037666943,0.7799980717928248,0.91912137889155,0.7202576698923739,0.959023624862727,0.9614258213151119,0.9423009038493377,0.9688957166247602,0.9189194653682659,0.939148309908544,0.9652392812962677,0.9489213415467729,0.9068853273233871,0.9657014005358897
3.csv,0.8216849392825901,0.8778103722050519,1.0,0.8148543951885868,0.9858005023406694,0.8868878900705442,0.975192785965717,0.9650448374040842,0.9868505467924681,0.9176030083613264,0.8289071164477356,0.9603969032890234,0.956839951561431,0.8659021834620162,0.6083519736245253,0.9554719572327504,0.8918192231565681,0.9685184646374857,0.9221159710926542,0.8397683359543384,0.7682088337612838,0.6110375186509045,0.6536608479914519,0.553949028121723,0.7320662927764019,0.8112201885842377,0.5869934336281024,0.6059491983745955,0.6067930045420773,0.546755773963906,0.5211935715097149,0.0,0.8044579292904667,0.8238466952353478,0.8247993263832784,0.7950794069011895,0.8427336801833306,0.7860848950357228,0.8729902164698708,0.7827561625417677,0.9759556788354149,0.8610450044399882,0.7758091119647603,0.8669992647964578,0.6452076830643447,0.5852587961466698,0.8811210248464589,0.6609420561399473,0.9282054068548665,0.6037009627416694,0.9106405930994288,0.8480299914135055,0.8212649327571651,0.8568576327466082,0.8016139324978182,0.9360350227766159,0.8972888722846606,0.9264144254559571,0.9506183741832576,0.8502011704414156
4.csv,0.9724629366763705,0.929063362137822,0.8147136412881886,1.0,0.8207143563555147,0.9199867015842793,0.8356394510842416,0.832918059844562,0.8205545759632479,0.8966108931958181,0.9778218571873145,0.8346577665609788,0.8578385398334809,0.9117300735881697,0.7885079615184751,0.8581739946347163,0.8855204230044357,0.8132963978577699,0.8918898231168402,0.9362310755828493,0.8748074244641212,0.7931069282230289,0.8365607218841975,0.7383114824272659,0.911559799976548,0.9597304285945777,0.769700188107566,0.7903480630395737,0.7883816155333683,0.7309567508608318,0.705713045065387,0.0,0.9895448560288967,0.958029008865269,0.9488841629328686,0.9797946293333891,0.9684839489572511,0.9614196072689546,0.9381159846617484,0.9634191866512907,0.8072209659451425,0.9333786191749028,0.9488052034700458,0.9472302387176189,0.826379225706327,0.7694272305921043,0.9331367874888542,0.8412493166512811,0.8541166085387786,0.7878625617838987,0.8896897328024955,0.9609629861416579,0.96757238566355,0.9570381718183868,0.982621123072392,0.873906615956539,0.8962951277430223,0.8829404150109338,0.8388313664012047,0.9623606293509392
5.csv,0.8277851353629745,0.8835737529951755,0.985967544271984,0.8229580537841921,1.0,0.8916600263559994,0.9750440230718381,0.9622492626657329,0.9878115762384209,0.9245607980628362,0.8364267387727244,0.9620421982232213,0.9613697506901748,0.867390277012236,0.6172517977974905,0.9576877930661593,0.8957256337056763,0.9562886911433401,0.9296847980520555,0.8458321641555884,0.7694385706934797,0.6200915055085097,0.6629214833841124,0.5646023595512548,0.7403317861714785,0.8182978383409811,0.5966503731012482,0.616118732273448,0.6157602878572395,0.5574163680125537,0.5326681673228566,0.0,0.8126472266073681,0.8291583072430913,0.8330212555709251,0.8032936616504466,0.8495156690549107,0.7929108902022215,0.879925985870352,0.790220632467011,0.9638431542933172,0.8671672937212792,0.7838400618570996,0.8748112619547782,0.6544908377237337,0.595605635327535,0.8874851791930192,0.6699861027890346,0.9236866154071633,0.6138364352652679,0.9156463325084674,0.8540425513641712,0.8284574027220444,0.8643386062736564,0.8095848143594708,0.9417923754573585,0.9021495928313908,0.9322136691330687,0.9521173994588967,0.8576228651820068
6.csv,0.9300329094189355,0.9881102270789667,0.8847000933934298,0.918501055156701,0.8882499110925272,1.0,0.902916092442667,0.9086976707450498,0.891260270555049,0.9611547701846629,0.9368579013663063,0.9090602390395668,0.9262073396413228,0.9607783045411123,0.7153422508718471,0.9293369122694531,0.9544625369343251,0.8851188116314251,0.9522789246745393,0.9477039524187129,0.852527084490213,0.7162816973705977,0.7606613202169938,0.6573285179068904,0.8410655872271344,0.9218731019461247,0.6926968844450565,0.7108634268219298,0.7113082514956872,0.6496599284655808,0.6221716238343313,0.0,0.9087518007110771,0.9226480396020776,0.9049595667819597,0.9004363929771788,0.9436171939417666,0.8920988660886238,0.9772201585406574,0.8880356837174679,0.8768177539553685,0.9688617435481688,0.8728011345540854,0.9586350110801287,0.7527771829060728,0.6901792987014541,0.9721888960380722,0.7689523296533658,0.9301275116308834,0.7089357348976253,0.9646645276361226,0.9547345389032582,0.9315582111195178,0.9596847131695658,0.9086307046120192,0.9463377229098836,0.968546127662496,0.9558046278145169,0.914205318155177,0.9556705145303427
7.csv,0.8413725650822076,0.8947440326554956,0.9750173454071137,0.8346028076661451,0.9745683542759795,0.9040846787155714,1.0,0.9612742962128102,0.9713731738401382,0.9357970791175395,0.8474523896463668,0.9553540732287801,0.975730589305217,0.8823781470126338,0.6260299574308192,0.973110718573876,0.9000996170405622,0.9655953689704683,0.941330226692437,0.854276463329071,0.7882444496112395,0.629840156304794,0.6717249989323546,0.5723663803432653,0.7498940943685449,0.8280129381847746,0.6050493965430388,0.6242500345876039,0.6258739591919821,0.5653291093285109,0.5398077604220759,0.0,0.8241458956113055,0.8454198373151505,0.8472200956569165,0.8145672132720225,0.8635107551643441,0.8063480968946778,0.8907753372881675,0.8029889706179543,0.9683591470916971,0.8761913675873364,0.7973250403645082,0.8871259945450981,0.6625588759255034,0.6032876738837357,0.9015474153435377,0.678206378585712,0.9384219785131995,0.6218352105692753,0.9223018357740946,0.8679145286706802,0.8386772553694448,0.875928669014367,0.820645657329069,0.9486674347625464,0.908689178235227,0.9399841299787701,0.9473315428481109,0.8689747856585228
8.csv,0.8407689251790138,0.9002528547961088,0.9646908407642539,0.8313542039441348,0.9614130201596435,0.9095230285285845,0.9611568198275326,1.0,0.9722672623939712,0.9327636118780879,0.8482777862351298,0.9861404764822389,0.9623086266679945,0.8907723045576367,0.6280211542304617,0.9664406054807437,0.922782960511789,0.9577348539682169,0.9332177248236962,0.8657340204146746,0.783589085268082,0.628482136706001,0.6725735269727013,0.5699863625385159,0.7525857334339054,0.8340234913074472,0.605129973629416,0.6231255631587842,0.6236662080085489,0.5623918055058581,0.5354120373918596,0.0,0.8211326674647753,0.8390171689688822,0.832210424635703,0.8122719047250597,0.8583712432434268,0.8034837828452267,0.8929232926853343,0.7995347898261842,0.9516961057776868,0.8858168708551302,0.7882395633793929,0.8814471672374858,0.665246694773945,0.6026446330057114,0.8967121320872695,0.6814194491866392,0.9521974803705002,0.6212349994449002,0.9373634917770858,0.8664096281259714,0.8429521310472379,0.8745285258234251,0.8199702070742031,0.9568234113598844,0.9252777629945431,0.9482339778569859,0.9811831682293046,0.8687405521221092
9.csv,0.8280289911187915,0.885538800896002,0.9869325136671345,0.8218086127836983,0.9877433663432909,0.8939885544002345,0.9717513972407511,0.9727164389815289,1.0,0.9244652645183342,0.8365193250766607,0.9718273530454266,0.9608902972530314,0.8713145725815201,0.6168178309680434,0.9594280892724647,0.9020053043504704,0.9599652121163306,0.9282295026272531,0.8489187422935176,0.7700459955800044,0.618763078476452,0.6621165060004632,0.5623836285925512,0.7404295211574969,0.8197337489432757,0.5954476361299239,0.6144405729241289,0.614241550089691,0.5550460325875838,0.5296003056498405,0.0,0.8114975305981249,0.8282660059609169,0.8288381281090885,0.8022905591714342,0.8484885928481477,0.7922553487026922,0.8806908948088528,0.7891819596219953,0.9639967862539425,0.8698688823545211,0.7811457411509803,0.8733689420225111,0.6541259540021841,0.5939671126884455,0.8868836456030929,0.6698520068313858,0.9304810159621093,0.6123016864462509,0.9200523364787107,0.854190218212291,0.8294660713515213,0.8640061768917136,0.809083573588495,0.9447853980684686,0.9068700319321595,0.935075509332031,0.9617568932515924,0.8575645635860802
10.csv,0.9011792866873967,0.9558842921098949,0.9176279698640196,0.8967207304558638,0.9236858978161571,0.9619033965575486,0.9362672569571252,0.9334578636794042,0.9240144928953082,1.0,0.9108150973827654,0.9352704504296182,0.9599559724151869,0.9278198870264258,0.6889207928846721,0.959436273749091,0.9422924628341977,0.9111153307667064,0.9904226333300299,0.9150598807719426,0.8272709526178055,0.6916501580253549,0.7353262657491986,0.6355688776235506,0.8135169838766514,0.8913163629889235,0.6682226752230036,0.6878456370325297,0.6870363614928792,0.6281906482195445,0.6027554244582671,0.0,0.8863407627359484,0.8992096170664777,0.8983774389062671,0.8770337051860119,0.9226710064446235,0.8658544306798182,0.9543862703679926,0.8633833599040639,0.9068596767737942,0.9373271772084247,0.8543883307961431,0.9482862946177129,0.7266999686192921,0.6671486967743055,0.9610052023941206,0.7423094031138467,0.9361796806918279,0.6855933254299006,0.9676765666611775,0.9276794600395971,0.9021528958676117,0.9390102973864918,0.8836339004524298,0.9742912188718635,0.957769782780988,0.9796520247400966,0.9366821948968771,0.9322728225620822
11.csv,0.9760340798664348,0.9477446660801225,0.8281393907254326,0.9777392630775141,0.8337368464930929,0.9377780580132025,0.8478439517735263,0.8491249169302211,0.8347557095112943,0.9103877607646504,1.0,0.851148985805213,0.8709380197810392,0.9285958526185472,0.7764886352287939,0.8720126902277257,0.9063730820881991,0.8267445074188806,0.9042447556931426,0.9577761910945388,0.8710747623171975,0.7785049976954408,0.8235728685002606,0.722437368249034,0.902111777218724,0.9721670619479619,0.755847752233333,0.7754082744620869,0.7732627720495309,0.7147457272775749,0.6884439471935662,0.0,0.9701342556951271,0.953243606372096,0.9350879458553792,0.9630486755826608,0.9716989903654166,0.9479819146679556,0.9552088519761073,0.9470336845380191,0.8198378153697445,0.9548968407124641,0.9275509372527505,0.956250459594573,0.8149549200068282,0.7547908944119717,0.9448943461194271,0.8305538164980588,0.8703345868651955,0.7733213435931134,0.9082129091762169,0.9731507841007967,0.9841930354627617,0.9709524535460008,0.9716503374481156,0.8896992571053708,0.9161300674914394,0.899190099082247,0.8561482818523105,0.9782939095468862
12.csv,0.84277663386293,0.9029903218146196,0.9604919689631468,0.8351799658010313,0.9616825505445239,0.9109999611376002,0.9557740171941647,0.9863123626612069,0.9717186893453384,0.9354062630137953,0.8521696392411331,1.0,0.9605028803494977,0.8889547726671889,0.6336396597596758,0.9626259905274624,0.9273167234497265,0.9462744184580149,0.9356702832980087,0.8700582905411887,0.7801721478010727,0.6336896824630682,0.678368424667461,0.5767631110192034,0.7576148530479216,0.8383762632633041,0.611238836341716,0.6295771842866835,0.6286445430338904,0.569086708996014,0.5427532809603487,0.0,0.8250901172581745,0.8392675488069383,0.8343874483554131,0.8163764700262974,0.860394504459539,0.8059450361750741,0.8964407141995672,0.8026032796462053,0.942799473394436,0.8898545308447485,0.7910587942332834,0.8845634806400237,0.6713983190881601,0.6093759835098271,0.8982981394456981,0.6874034092168773,0.9430981305996597,0.627740162649928,0.941463430517615,0.8681515861940056,0.84710842656851,0.8780001651067283,0.8240865377677786,0.9604684224206463,0.9294774977073267,0.9518569975142009,0.989843307851775,0.8723472250181219
13.csv,0.8636453057563838,0.9185225553293588,0.9566563054498531,0.8573420957980034,0.9607435688809745,0.9272995130983516,0.9757984798982925,0.9625277375039238,0.9604775227373241,0.9597733986561865,0.8709678520859236,0.9602393761971602,1.0,0.9020928312663511,0.6492156972852829,0.9913570343841193,0.9214268233897503,0.9480687734667851,0.9643721502906729,0.8782314968869622,0.8031562314426142,0.6523539301856187,0.6950992796696508,0.5953018183890562,0.7734910294655304,0.8519682631396147,0.62817232247788,0.6474469694952398,0.6480815328395015,0.5880915378933886,0.5624974068310575,0.0,0.846899525303608,0.8653970403762318,0.8657943879447207,0.8374435587212199,0.8853293876952432,0.8281797846511926,0.9147103446786271,0.8250522350550199,0.9460790042292171,0.9002428941407721,0.8178526861549171,0.9096673675730712,0.6862846581809887,0.6266145295884702,0.9238989731679087,0.7019715178948731,0.9470255309462914,0.6451326195900049,0.9452487367717499,0.890265979114249,0.8625393561915276,0.8992695482373888,0.8438389740045885,0.9716268717880724,0.9316133985419932,0.9636738976112672,0.955727231120215,0.892451812288276
14.csv,0.9302007238623382,0.9546217868095151,0.8581670634926337,0.9067093513184277,0.8580713552609072,0.9593030465492393,0.8764670492482917,0.8856300031867093,0.8630379029500449,0.9236332107574078,0.9248144424561456,0.8822667735975178,0.8968840431049256,1.0,0.7183797535640235,0.9026993883570155,0.9351353029724775,0.8676968800475835,0.9153489587432836,0.9411001064660787,0.876570331194866,0.718109225764958,0.7606915417280921,0.6539166165639085,0.8416862072022873,0.9183992665015545,0.692940625102317,0.7083225900533858,0.7133749628288502,0.6462517370890262,0.6157763604494193,0.0,0.8990208646656084,0.9246612162794523,0.8873410503417618,0.8926527297493013,0.9305958046135199,0.8937878900609284,0.9439528701089017,0.8863768279470986,0.855628773418433,0.9495145410237891,0.8668795634856231,0.9288467694031232,0.7531907830747679,0.687562049213717,0.941510899026834,0.7698581958994042,0.9243856793288096,0.7066888918288161,0.9332766885932489,0.9451286973465209,0.9244793846431774,0.9350995279576222,0.9012463752187788,0.91367448814671,0.9404120062057633,0.9218685351974939,0.8885932893340724,0.9348096688075082
15.csv,0.7838272718391915,0.7264076315809491,0.6041062561615236,0.7863776541514746,0.6084969446769433,0.7177162647911126,0.6246305530865517,0.6277584147058954,0.6102342914906975,0.6854532040298515,0.7750749086232002,0.62877697087769,0.6469153450390402,0.7308519841889307,1.0,0.6490092041534485,0.6956175312886258,0.6079043588405169,0.6793116572572674,0.7583821886387081,0.784245680649519,0.9676023596919611,0.9471962137297212,0.9249669865623098,0.8724056308645762,0.7917818295481169,0.9694309145936338,0.9566862308798163,0.9586373649054052,0.917008163693764,0.8833833493834347,0.0,0.7966894498335747,0.7751125190021119,0.7563698743655509,0.8065866290355641,0.7597798189303154,0.8173369656809507,0.730812397716016,0.8195411894436041,0.5988254756818057,0.739850712556841,0.8130689974007654,0.7338305259164153,0.9540860823062592,0.953664301143637,0.7225229009988834,0.9401009742612579,0.6587995025671256,0.960325454172584,0.6878321881775487,0.7571213321565435,0.7826411216936824,0.7463690237657645,0.8016206569501898,0.6657423921065544,0.698971152562395,0.6755138187008336,0.6352439674244527,0.7534368463945775
16.csv,0.8646132127979529,0.9203371138371177,0.9549621819938792,0.856659284960434,0.9566939360103222,0.9298841030250187,0.9729938707229648,0.9663967098186681,0.9587062013162093,0.9589594507237901,0.8711257221316241,0.9621071573099782,0.9912951254425899,0.9069526695408718,0.6487981725735418,1.0,0.9254157492375318,0.9507258558683801,0.961814714746099,0.880345342768322,0.8060229559532346,0.6514955622499322,0.6943578575595029,0.5934159102859471,0.7735043629215869,0.8529872896019614,0.6271248687107436,0.6459719082658784,0.6471746030814796,0.5861391139768981,0.5599106969964748,0.0,0.8462192112121892,0.8661063824183101,0.8632912439631187,0.8368576820048349,0.8852273534432866,0.8284341004711988,0.9152645710053077,0.8248372602309791,0.9462179167984587,0.9021610442517843,0.8165433914336528,0.9085855476311891,0.6857165703091723,0.6250918975267067,0.9239678935661345,0.7015929981638571,0.9553075805819883,0.6437346317565413,0.9482388941949244,0.8911613496189845,0.8633021372787626,0.8990796123860191,0.8435896303661787,0.9729764948680499,0.9348217036004496,0.965306807057281,0.9587369144580545,0.8924802684137438
17.csv,0.895468900756625,0.9520854038738369,0.8907289067609125,0.8844544647868634,0.8934208993210868,0.9548763551506133,0.8998013764364455,0.922786668860962,0.9003967750513547,0.9416931850748359,0.9058519090385139,0.9264075181493376,0.9209711795157051,0.9380547231699268,0.6958469814216166,0.9255167551736231,1.0,0.88789989006474,0.9327336133527808,0.9366542569661611,0.8207449228348548,0.692626509806419,0.739286752350012,0.6346709799378223,0.8194576702085563,0.9008858586221175,0.6716948046466636,0.6886246909800164,0.6866510411354678,0.6264385140345521,0.5983577971786536,0.0,0.8758482099044281,0.8820267523893764,0.862970398547591,0.8690409130044955,0.9028599325360346,0.8587483753399805,0.9415564802518155,0.8548847008237167,0.8787437736639656,0.9509709681790616,0.8352978300649632,0.9189474353131694,0.7340753744831527,0.6689716381933846,0.929371265532445,0.7505020431178694,0.9324871447562212,0.687342020454998,0.9736103022656936,0.9152478090576129,0.906593449411521,0.922621448785672,0.8785418510202705,0.9479454781156634,0.9832354394845777,0.9546378424492705,0.9352715082385118,0.9205462796442782
18.csv,0.8186761588228658,0.8726144399618075,0.9675001929439265,0.807403879384839,0.9543376784028533,0.8836533333329649,0.9647319707204292,0.9568052264227348,0.958411041070443,0.9082125458291054,0.8219395411629424,0.9444032041597163,0.9466162037653811,0.8708663057594287,0.5995630030669556,0.9497078465691089,0.8854287308521406,1.0,0.9115106048459217,0.8337192669444736,0.7775871440967443,0.6024802334248143,0.6440760988368699,0.5416126066452284,0.724210089697691,0.8046547115741118,0.5767106066154162,0.594547062367706,0.598593985495788,0.5344976667113779,0.5070965299367581,0.0,0.7969487185851583,0.8235102575670142,0.8179677219273289,0.787550732239789,0.8382019141658275,0.7822581816631502,0.8657952366794709,0.7774794892827015,0.9838560214374606,0.8546822366585243,0.769878170795536,0.8591509332029447,0.6352194707075556,0.5733591370551414,0.8760960370551771,0.6513943860875175,0.9412776619402503,0.5922974064506156,0.9027478679409527,0.8447064938959005,0.8145996257852197,0.8495762077665063,0.7943249005155011,0.924974105802996,0.8903147592611353,0.9166354268741793,0.9375756354133968,0.843088842826204
19.csv,0.8955904695557698,0.9475216043814554,0.9223820887345431,0.8923410647508427,0.9290908841374143,0.9533443857523766,0.9419412926064028,0.9341131563210316,0.9280260831941478,0.9904524653574097,0.9049982272024116,0.935735824335226,0.9646443236143496,0.9202390241859795,0.683834834086859,0.9623759237483033,0.9336323486164659,0.9145760024653327,1.0,0.9066064465575684,0.8234841052634732,0.6873130060795277,0.7304599005263257,0.6317845607061592,0.8078874949974405,0.8843104433485679,0.6636900438050335,0.6836455581477885,0.6828909690220695,0.6245399303743144,0.5996057301555757,0.0,0.8819362368827303,0.8954120532964868,0.8982895923161434,0.8724487592744274,0.9185300694309704,0.8611968921017773,0.9472812753827802,0.8590002262778536,0.911676150812818,0.9287655386341607,0.8518302112102489,0.9446517059843059,0.7214617565131192,0.6628949039290375,0.9564347096469756,0.7368902903504766,0.9333485756433186,0.6812723303320424,0.9593627950478483,0.9221072302640366,0.895452573512686,0.9335944295732272,0.8785135081780173,0.9721070525579267,0.9487163869298831,0.9743132606541455,0.9356439771147339,0.9265273372285205
20.csv,0.9464217570577287,0.9573097063950629,0.8379289849738667,0.9355480500550898,0.8422061455710979,0.9481073291076517,0.8536387458653542,0.8655542915502171,0.8462258836550266,0.914058790537177,0.9574822753372234,0.8682503879688812,0.8773555294652463,0.9436730636098478,0.7582295278198895,0.8803416856487537,0.936566415755826,0.8370801274387865,0.9052104707046894,1.0,0.8560056079768135,0.7551686813124833,0.8023430280782644,0.6975567020702688,0.8826241324167361,0.9634046694484323,0.7344835865273704,0.7516137662374245,0.748949140766661,0.6892592112946578,0.6610447886077142,0.0,0.9299386666958849,0.9225694795945324,0.8956170140371325,0.9257715916223822,0.9393907001977292,0.9152295346218464,0.9549291007196609,0.9119368914589562,0.8281790625041102,0.9774661163936434,0.8871369761119507,0.9372138043507066,0.7969042591227568,0.7319426079312658,0.9355817889248429,0.8133176177201047,0.8867680220906901,0.750342041689543,0.927281738963067,0.9515941801120232,0.9657977404494517,0.952324684578175,0.9360076787673842,0.9017766621756329,0.9396820612143647,0.9115797719631679,0.8755476788991342,0.9570710948416465
21.csv,0.8809477846162688,0.8348387462502114,0.7360661541240645,0.8575551540916717,0.7343412278799096,0.835263202218322,0.7605733890207695,0.7560497225829715,0.7365156519097416,0.803258866474617,0.8538523807978688,0.749086122290056,0.7768094138766152,0.8671191550580631,0.7569615381495371,0.7816240501984051,0.7979241201432143,0.7546798540707069,0.798317376659345,0.8378985965727067,1.0,0.7650605604304008,0.7870932646463988,0.694072310038256,0.8403157690440705,0.8525825818222333,0.7326842073211601,0.7414226251346755,0.764648267246372,0.6888217773946764,0.6556559186901341,0.0,0.8588678851748088,0.8977194570746687,0.8522541899222755,0.8592885585221735,0.8649409533762624,0.8874911926252617,0.8332323774828287,0.8772171176803413,0.7423982186093422,0.8331054543150653,0.8711033651091126,0.837183107169806,0.7753139271272796,0.7212536744173743,0.8398290227293305,0.7882705912011059,0.8050191679807048,0.7391658384434098,0.7989701239140592,0.8663505614793858,0.8531773885018193,0.8432006931324547,0.8590689570543477,0.7842561261224208,0.8052795584839446,0.7921414783495306,0.7534989177761046,0.846207012471308
22.csv,0.7869491430073032,0.7271089814330864,0.6068459286251231,0.7910362404201889,0.6114263298707893,0.7186657762774327,0.628478647826068,0.6282433757713013,0.6122376320849336,0.6882328294671054,0.7771182055735679,0.6288512718379393,0.650096420241064,0.7306105772445015,0.9676044208580054,0.6517271318438191,0.6924142003014662,0.6107855851809195,0.6828597672973056,0.7553388413836695,0.7914487542584729,1.0,0.9461286590467647,0.9354626744475718,0.8709302252390493,0.7902991926114502,0.9689169009323513,0.966631393327363,0.9890300312628094,0.9291551470675157,0.8965464253487208,0.0,0.8014552862720744,0.7817285875468207,0.767171664208427,0.8110385662516593,0.7648513690875298,0.8228346895622132,0.7324710032189301,0.8255809400330654,0.6023833765333306,0.7385994002075873,0.8243950269375706,0.7382688766495472,0.9424174159028906,0.9577442158105861,0.7264218828257842,0.9298742813635232,0.6593994229496811,0.9661030231283025,0.6872732831345805,0.7604164144711469,0.7825738566471415,0.7493630005949041,0.8047199361647885,0.6669759693075563,0.697457097260183,0.6765518853131691,0.6345952194682767,0.755982588460529
23.csv,0.8316177457657917,0.7756025800797756,0.6554697031404519,0.8375378393837252,0.6606903564931073,0.766429027919014,0.675732778199949,0.6775491179922627,0.6617728664454063,0.7366288137548738,0.8252783184056602,0.6792783577673719,0.6979768201411831,0.7749243620388745,0.9480353271891607,0.6993956029903692,0.7432362343782142,0.6570284436691771,0.7309483429219383,0.8056068497771413,0.8139982525800822,0.9469813640976406,1.0,0.8964068746400363,0.9207926031387552,0.839949316683697,0.9318859396242491,0.9492436621647591,0.9378687439337262,0.8877919306687616,0.8586602493367644,0.0,0.8478403342526288,0.8218432937024833,0.807568452211547,0.8576152752733537,0.8096531140288943,0.8648434589497778,0.7811234977419356,0.8685494456932562,0.6490492308172183,0.7884415235965063,0.8623833539222184,0.7852720324137479,0.982162790237768,0.9305983722679175,0.7728421216188004,0.9791353011861809,0.7051039225036928,0.948548185582363,0.7373136168663843,0.8059804262413123,0.8317134886463018,0.7971657768065791,0.8521845582004919,0.7164624965868079,0.7477398911240181,0.7260277971276305,0.6852396985093128,0.8039922592504323
24.csv,0.7387166750396494,0.6820930213697411,0.5665982481650286,0.7459256637729943,0.5719134890782618,0.6733638233394499,0.5874112101782777,0.5863696936788052,0.5721265167336737,0.6457961992930341,0.731513305624155,0.5877758359755769,0.6084444160912035,0.6820699837500991,0.9278766543180347,0.6094174675750328,0.64857297821566,0.5685664051307243,0.6409998543243665,0.7094685654763015,0.7389481625566208,0.9379613882140441,0.898816131587571,1.0,0.82219649598462,0.7435496306996038,0.9572578764442303,0.9475353227717147,0.9392861140946493,0.9900244428906354,0.960004148603374,0.0,0.7560614371285908,0.7333803087448355,0.7251491759185446,0.765226393215418,0.7190972022592685,0.7734798987240277,0.6882083977582302,0.7774359351759461,0.5612430761672682,0.6934654238668413,0.7790988778552728,0.6948292142000445,0.8996712784355293,0.9643738976699548,0.6820633981730673,0.8844104615807505,0.61408461078246,0.9482338482457937,0.6439891289498703,0.7137987230974348,0.7362799158789786,0.7049723805838177,0.7586059403710894,0.6248588368625596,0.6536482058974298,0.6340383242431995,0.5931447821021893,0.71121701496918
25.csv,0.9066050754573832,0.8529283056714346,0.7309279776419861,0.9112515317527535,0.7361243718832379,0.8434189217386451,0.7505953498748694,0.7540256177862357,0.7376916428419423,0.8126679609050338,0.9021350379126536,0.7559993669442745,0.7734924971145067,0.8496842267723737,0.8732377315987762,0.7751166537309394,0.8204997574099693,0.7317160539605647,0.8064098383513085,0.8834632248282466,0.8591668103946897,0.8717637892630815,0.9200384689380385,0.8162296964277311,1.0,0.9183804312695204,0.8519761199377106,0.8699101416206387,0.8648422726227264,0.8079014618307564,0.7796919553421944,0.0,0.92102664311689,0.891129881411172,0.8712943252942509,0.9308800954146161,0.883384563008467,0.9343850492201327,0.8580960952557526,0.9377016337167844,0.7236116548607783,0.8663686343498199,0.9187600725046678,0.8599793884348258,0.9127493258362709,0.8502329235891208,0.848108275201769,0.9284369130741723,0.7802842319477963,0.8685755888644862,0.814687888868166,0.8814677745383697,0.9098167809525307,0.8732434918623039,0.9276921268708934,0.7931640325578801,0.825280055793089,0.8028843656184651,0.7621333402967009,0.8804447270458295
26.csv,0.9645785175057324,0.9327396580058028,0.8095441724614607,0.9594037717773661,0.8145024783638751,0.9226750857170609,0.8277045117332309,0.8342287192350193,0.8169925439043735,0.8903182257814395,0.9720453943908793,0.8365489852125552,0.8512867897461532,0.9221645586738192,0.7921860738214462,0.8533608728892065,0.9010036577480041,0.8090952296224682,0.8828831636616226,0.9634987797767918,0.8693861252955921,0.7906929990505155,0.8376806027502312,0.7337216396135081,0.9180041591748327,1.0,0.7695974371768851,0.7875644541329782,0.7845869879824865,0.7255534273572861,0.6977949027140934,0.0,0.9586637004756223,0.9365676703872632,0.9097007536672532,0.958079399945535,0.9457489853564387,0.9468365192472123,0.9362349417997055,0.9450208213389518,0.8008661759607996,0.9477269620532005,0.9174589766880555,0.9302478426897691,0.8311305092639563,0.7675970883544131,0.9216856400375291,0.8473171939329504,0.8575200399078383,0.7860659169286297,0.8956641958634944,0.9512790692173257,0.9874338045343323,0.9464483356535329,0.9680008940601705,0.8729773324146373,0.9064635667615696,0.8828367429109143,0.8429376578484752,0.9540577099011021
27.csv,0.7662805065383211,0.7088841395454036,0.5891782287842111,0.7710924919379571,0.5940080210552439,0.700122690649412,0.6098975426256177,0.6111567064420617,0.5950635448068302,0.6698777617111715,0.7582242051071574,0.6123648710174295,0.6317063725519523,0.7112224234455387,0.9699187247908005,0.6332955519543324,0.676690059867894,0.592141983778179,0.6643221565668357,0.7388855789006867,0.7664806324567963,0.9694109674692144,0.931890540315827,0.9562431130301121,0.8533820684439296,0.7728330841143359,1.0,0.9696027475203478,0.9646315500276109,0.948202427246869,0.9153122222582873,0.0,0.7814194966007173,0.7590752989315694,0.7451022958775809,0.7910698272974238,0.7441497638018686,0.8006967966700195,0.7141157199664654,0.8037862592022514,0.5838303211823825,0.7214407936862184,0.8011196586878936,0.7188215338964349,0.9354086587681969,0.978834257746406,0.7067600383837522,0.9198374005857746,0.6407606846789123,0.9731788099738184,0.6703492026110487,0.7402319432570618,0.7645186269556171,0.7303297915861668,0.7852609917301252,0.649521744671934,0.6808543221555289,0.6590637403919222,0.6183560425986102,0.7370605793767081
28.csv,0.7874796049204271,0.7314746975719616,0.6144031173960915,0.7950017572965512,0.6198828022867675,0.7224351443408664,0.6348934213721156,0.6349083255010871,0.6203457512307518,0.694449995697138,0.7812083974071686,0.6366519887164273,0.6564723114260919,0.7301460959431418,0.9580700273048652,0.6574883976894754,0.6983451738153438,0.6156765605912338,0.6893712183614313,0.759701083755586,0.7777848751472807,0.9676954045895667,0.9500718184089176,0.9471625157108756,0.8732396148853545,0.7939513525603914,0.970096698789191,1.0,0.9608318926244203,0.9383597684935059,0.9106784468841304,0.0,0.8052242488551629,0.7801801450970715,0.7706914407043617,0.8146104383475095,0.7673648814107266,0.8216673896517438,0.7375811059084707,0.8258852851355514,0.6082892018977781,0.7434212421251394,0.8249846977093117,0.7434119495759888,0.9488794137173471,0.9791363355236529,0.7304844103731816,0.9344858642352529,0.6617942956859157,0.9945179153230759,0.6934384894566055,0.7624883738858035,0.7864416790562627,0.7541414146835599,0.8083171306233037,0.6737774145223534,0.7033130908511749,0.6830826310660063,0.6422006912688993,0.7605775420579202
29.csv,0.781442538989433,0.7207046459864007,0.6007813015956027,0.7853094179220226,0.6052417757352919,0.712456100812456,0.6228214497054454,0.621743146727497,0.6058870312807211,0.6821552027987812,0.77082456194099,0.6220596952842556,0.6442149523743373,0.7248633946678317,0.9584553465255379,0.6458349170791864,0.685034705404211,0.6052259143180148,0.6769388705927804,0.7480035969897482,0.7901500677511162,0.9889810563225577,0.9365876361082893,0.936558784332092,0.8633563892258976,0.7832181819347265,0.9638998362578031,0.9593611952129236,1.0,0.9316262568307601,0.8994003409925418,0.0,0.7957173819490139,0.7775070418553316,0.7633136407100741,0.8051851401465885,0.7596173925337706,0.8179176366894945,0.7261404911578513,0.8205223937596211,0.5968264217436672,0.7316385626536934,0.8207505588002657,0.7325779390945251,0.9315972628593423,0.9526036582134495,0.720826901363237,0.9196211507041286,0.653607648982298,0.9582050304100057,0.6804365366971654,0.7548460374049721,0.7758075036655853,0.7433263889220014,0.7985804363354329,0.6605058694836333,0.6904282823541381,0.6700508929782691,0.6276584474111493,0.7498367799992138
30.csv,0.731334549806246,0.6742158616456803,0.5590092199434621,0.738429183083973,0.5642555366736821,0.6655992893388705,0.5800503761193765,0.5784912200230484,0.5643597964440785,0.6381328797510913,0.7236973906065716,0.5797275913549769,0.6009255353817167,0.6745860570381104,0.9201178202534591,0.6018856086939249,0.6401643969841087,0.56127315022092,0.6334379982058267,0.7010913493778257,0.7341061944779415,0.9318053245147563,0.8902522841394983,0.9900108573253616,0.8138855472679835,0.7353229270342427,0.9493347553233079,0.9387113307457738,0.9344765212170263,1.0,0.9669866196801129,0.0,0.7485596335359941,0.7267254637822935,0.7187865475908533,0.757663046140506,0.7118770853972332,0.766422153757748,0.6803740034450465,0.7703019272208416,0.5539655221562567,0.6852798058983705,0.7727671618866692,0.6873689129474754,0.8905275758121216,0.9547181250412525,0.6746549522488898,0.8753755948620365,0.6066067290065813,0.9390960905468293,0.635880463498282,0.7063841131420068,0.7282108320874277,0.6973031817216,0.750883605014411,0.616974744578602,0.6454288150397482,0.6261296649799746,0.5850068455966531,0.7034836521351935
31.csv,0.7116372695519169,0.6560757264004538,0.5446191522162771,0.7203236390556683,0.5502414244979559,0.647475335091079,0.5653962297672626,0.562571886302084,0.5498083257873045,0.622076106575586,0.7050104846344025,0.5640776394938365,0.585665195055804,0.6545036353633473,0.8902782676341625,0.5861796290605016,0.6218196698961955,0.5458997024838814,0.6178893872256197,0.6812867675201123,0.7123865406079087,0.9026568883319586,0.8648695321434527,0.960850739562155,0.7913569345856906,0.715109572983033,0.9190272234637832,0.9131860022487595,0.905762955185009,0.967729361797962,1.0,0.0,0.7301752585362764,0.707767823256439,0.7036799281953441,0.7388599234270188,0.693997167375197,0.7461839549692928,0.6627515138312012,0.7506159422818096,0.5393598294917256,0.6664583796268853,0.7552416052923749,0.6707101849857996,0.8645244627512886,0.9279927358952809,0.6576024463594388,0.8498489212324349,0.588804127153927,0.9129506022470122,0.6185717984845494,0.6877807916355747,0.7086477031478616,0.67974477942808,0.7317805977187848,0.6008574730588001,0.6275305957632485,0.6096955641797385,0.5689374657322135,0.6855689691262989
32.csv,0.07354970876425915,0.060679213850591385,0.048924950277766555,0.049647440177997604,0.037603381465434405,0.06697144220224649,0.05560386974073217,0.058460078814251304,0.04295925439615944,0.048636742467712324,0.05317353744730169,0.04663643859112876,0.05295463063872674,0.10079357678050926,0.0591246465601063,0.059690003562337,0.05841485917748046,0.07872367492593346,0.04566413269887237,0.05971874227645735,0.16474980984709953,0.05906478344353849,0.04393161002160639,0.021166969303533456,0.052948494284967396,0.057294434886909884,0.04386702903961104,0.028073351583758788,0.06324687633379977,0.022498214683020268,0.0,1.0,0.049526336676440796,0.08514311549857334,0.04885551632753227,0.04985525804763802,0.06274732630071767,0.07299215359124123,0.052703979814928026,0.06405556617840047,0.0676902046667206,0.05726799830616125,0.05814159115492712,0.04833447211783193,0.04177083285164507,0.024608857998851597,0.05937379272628429,0.044867736848169026,0.09600826402916329,0.02860923807271787,0.053793690303094666,0.06872041336085755,0.05584185318047585,0.0512399381462898,0.051626320122547975,0.04870187759743916,0.056052920520546334,0.05000988925936767,0.048848758460407815,0.05213949972727039
33.csv,0.9684323877212458,0.9195974960025683,0.804334205355516,0.9895461881589631,0.8102970313184137,0.910426580904427,0.8252703445835962,0.8228138867214563,0.8101951155240767,0.88623438356613,0.9702488578875437,0.8245583069043029,0.8474517483196455,0.9044675401248601,0.7987425710702981,0.8478636299593898,0.8770092373188544,0.8031861948816938,0.8814564904645878,0.9306899694972866,0.8759769678075834,0.8034477751287991,0.8469446842513749,0.7487830204950365,0.9213109847925798,0.9590015367006051,0.7801180251766443,0.8008279973366148,0.7986662987580044,0.7414095554632405,0.7161154991709957,0.0,1.0,0.9540705462743122,0.9440374248239352,0.9900784212409488,0.9589745006577926,0.9685261481750267,0.9282276039166265,0.9722627943983579,0.7969669239548721,0.9253237389744087,0.9553055450921956,0.9367872878011627,0.8366127174729521,0.7799056762955748,0.9228416226163041,0.8513765643212263,0.8447335334212066,0.7983369778201128,0.8800549113644562,0.9519408389161383,0.9639189295871743,0.9468449151945558,0.9889086952306175,0.8637053304781287,0.8871501735584169,0.8728073237716055,0.8288908064752899,0.9525041763556372
34.csv,0.9711030654997481,0.9251271484931956,0.8168729820740437,0.9564005698171077,0.8202806688134905,0.9211116085198024,0.8404286944465877,0.8343218872710347,0.8203473871322949,0.8951876860085947,0.9516097090917603,0.832502258332018,0.8606611462693613,0.925950037227976,0.7687167340021636,0.8623811995032669,0.8785800720893349,0.8222718503008914,0.8908987509221878,0.9204176430800768,0.9066194457574838,0.7755066806360175,0.8138178787969162,0.7147355342066709,0.8872986458498221,0.9346367599708196,0.7482053705746117,0.7664675443224316,0.7721818821428716,0.7080129673177737,0.6805706097923503,0.0,0.9522824423397163,1.0,0.9483178560527595,0.9464085060500065,0.9685193700432932,0.954392510848871,0.9299907164619352,0.9483317687472229,0.814458831631894,0.9218842913201735,0.940164525997217,0.9401584430264669,0.8021941181972543,0.7449417613694349,0.9351850479522644,0.8171255968405156,0.8655745558179658,0.7637831483687536,0.8852950763736371,0.9632989725162733,0.9424420036098882,0.9451269164247418,0.9478911482114113,0.8718991759625745,0.8903465273153593,0.8804161915802576,0.836118175905006,0.9474285000202396
35.csv,0.9368883939285431,0.9113564085497591,0.8248121161066714,0.9489267220300456,0.8310458802376579,0.9067697496435907,0.8483040663960003,0.8339047470955087,0.827777074560803,0.898354064581633,0.9353826346492855,0.8340010642334084,0.8663727692048362,0.8934928889302863,0.7590002523277493,0.8648484934636874,0.8643475951390254,0.8236839606742647,0.8979483224717415,0.8968091945956107,0.8702566034076807,0.7696707657782469,0.806572268216497,0.7171480571633999,0.8718481733148308,0.9105019232044332,0.7437654285786977,0.7656811311896189,0.7668948406892426,0.7109938011481426,0.6884594539616806,0.0,0.9440768939422971,0.9502896079327854,1.0,0.9364682854390709,0.9549974531489692,0.9299339827776805,0.9217235544863391,0.9317110915283416,0.820285001244671,0.9039584584567774,0.9433318779229845,0.943679016513767,0.7934353305565994,0.7443831827810077,0.9316142620281377,0.8066130522048881,0.8524986662688815,0.7622792643607643,0.8781058712320806,0.9402401467402892,0.9206011007889774,0.9385105756409298,0.9335061278215768,0.8727013665778186,0.8790925301909122,0.8794369195438354,0.8351842051287222,0.9372250697998242
36.csv,0.9633933755361661,0.9115445220776625,0.7948787646079166,0.9797902099676842,0.8007571830761993,0.9022299607965386,0.815689127690953,0.8139720316019178,0.8008556146143724,0.8768760067434265,0.9631777241509373,0.8157544058661171,0.837973817908435,0.8984077365663657,0.8084735243682601,0.8385463333326986,0.8702206885686968,0.7940056161710394,0.8718861257990551,0.9265421592033368,0.8763038376557832,0.8128701241671147,0.856727582107962,0.7581377332212667,0.9311051181760377,0.9584076181035104,0.7897530576879233,0.8103604142059282,0.8079309178417513,0.7506855591715617,0.725157583847289,0.0,0.9900749865860528,0.9483988649033367,0.9364014374076164,1.0,0.9497425133503975,0.9731410571772049,0.9196410963309075,0.978605444423005,0.7875367214875915,0.9187886555585957,0.9576495269962355,0.9270763357017736,0.8464735174213168,0.7894815519926748,0.9134291222983689,0.861249899751385,0.836612215300938,0.807930098886431,0.8719068231267643,0.9436952340660434,0.9603864951035139,0.9377740198439792,0.9898231948462699,0.8547205305174345,0.8796016292331317,0.8639390467701732,0.8203423264358496,0.9438318525807567
37.csv,0.9713571729196158,0.9501679658661234,0.840414354488935,0.9680434522894014,0.8454785829819274,0.9438713063218395,0.8624704753990803,0.8577233949646703,0.8452897557541459,0.9215067982466588,0.9714099030166331,0.857994758344741,0.8841312749139347,0.9334131552342444,0.7588513171424119,0.8848529645171105,0.9024109008496531,0.8409599139013488,0.9170451266447882,0.9391948508155362,0.8796396131588515,0.7639274507723925,0.8058318253822493,0.7066352067490642,0.8821653666171533,0.9454333555372432,0.7389958403730036,0.7587584677438509,0.7597455150165138,0.6995040170935797,0.6735108458885185,0.0,0.958395790437641,0.9692716042829069,0.9543304325613443,0.9490512131639092,1.0,0.9412582246695892,0.9584705497118347,0.9389194401446372,0.8345368941780754,0.9457702338477222,0.928989237390732,0.9705933965539818,0.7954171826682195,0.7375607790796098,0.9607815744282937,0.810605828019223,0.8810456651996106,0.7562167297385882,0.9109583892130255,0.9848033621118741,0.9571364930377891,0.9759418666811637,0.953526801269192,0.8977909461060907,0.9154025805332864,0.9064750801484502,0.861530291672906,0.9768532739926515
38.csv,0.9616879489878207,0.8990354641207023,0.7805311790203262,0.9604480424486936,0.7850052081254613,0.8913980720356475,0.8027156850737515,0.8004031310755058,0.785524904947658,0.862330004749822,0.9468698135463391,0.8004278689356161,0.8244658446644973,0.896973243699175,0.8146044311910206,0.8259722061687749,0.8565271789099094,0.7836044398227624,0.8571050019982973,0.9140157441899003,0.8986276080427162,0.8201729571234224,0.8606064694085056,0.7608160943787071,0.932966330140327,0.945936262178803,0.7944350043421421,0.8130261605114042,0.8160034747748728,0.7536992134459035,0.7261986012157351,0.0,0.9677294346980162,0.9549903211754084,0.9281096637616554,0.9724706933211598,0.9406090399347133,1.0,0.9050107718681941,0.9895619716421589,0.7757947024505144,0.9050746128878121,0.9627929859780935,0.9121534127847107,0.8493206098406287,0.7918059225161109,0.9017421642391505,0.8640933582057584,0.8295372121891945,0.8105510974922356,0.8575342396266298,0.9358705657284598,0.9459325234144365,0.9225824614151712,0.9685710774150829,0.8398729651687044,0.8655552442479537,0.8492219565167454,0.8051861958859348,0.9284859429938683
39.csv,0.942864427824472,0.9869255232517832,0.8724835388176465,0.9379163100703394,0.8780119173838941,0.9775632514327258,0.8911096989790205,0.8935739278771768,0.87946357573934,0.9541904267660435,0.9552310541441406,0.8957774049252618,0.9147329119880133,0.9467981094323118,0.7326369212539291,0.9158894693544933,0.9419088135074113,0.8694814835860741,0.9468894952490621,0.955262852414635,0.8529575914489739,0.7342673787733751,0.7790966069116527,0.6778283530544191,0.858132723255159,0.9365439377509115,0.7114488183261526,0.730757956561828,0.7291884005767758,0.6701823130164255,0.6439882792889693,0.0,0.9279868480630311,0.9323881092508993,0.9214055503608456,0.9193994399181286,0.9589108499450468,0.9070451496404552,1.0,0.904713950916059,0.8629763727532591,0.9749537955219969,0.8904779810627309,0.9762305186492364,0.7709216821768503,0.7101809405266724,0.9782492274401582,0.7867040945050703,0.9096900361160583,0.7286992236781789,0.9511756838427708,0.9670275699242852,0.9475349937350566,0.9802179996712069,0.9271174488891603,0.9345221174051114,0.9558139431868051,0.9439751063165949,0.9003284986002067,0.9756408218660024
40.csv,0.9569051387975207,0.8965710904847487,0.7792441665913897,0.962856053895884,0.7842917307305116,0.888384501503628,0.8012099361421459,0.7983363206543563,0.7844300930063932,0.8611327264118759,0.9464178563480011,0.7989294732396519,0.8229772359511367,0.8908368035062036,0.8185904621812673,0.8240202417405325,0.854010126592144,0.7809668277739736,0.8562295618395268,0.9115288392496591,0.8904268008878783,0.8246508766642824,0.8657230971451335,0.7672371882096384,0.9369623244072287,0.9446236594650275,0.7995538835930909,0.8191914763922733,0.8203673186159961,0.7601029846305014,0.7335482228363511,0.0,0.9718322130397149,0.9494958938121909,0.930602056872521,0.9782808425871102,0.9388340632555118,0.9896616360554155,0.9035582756683375,1.0,0.7737807742848795,0.9028234516099212,0.968804817530075,0.9118535226470011,0.8541881996037975,0.797973797487012,0.8999219814126251,0.868663593610671,0.8252886759754821,0.8165990154735112,0.8555297972782215,0.9326519381887726,0.9447493007880456,0.9218134769279847,0.9714502438807027,0.8383968273710362,0.8633043523383391,0.84764864818107,0.8034980668931069,0.9276393426281369
41.csv,0.8127054573512756,0.8663325279623979,0.9754717218872828,0.8034901602331078,0.9626763268827951,0.8767227868369389,0.967948959461461,0.9512178838121256,0.9630417456728062,0.9049561832819559,0.8170325734931794,0.9415077498572788,0.9452267587322581,0.8607549390556237,0.5951397011504842,0.9457564098148586,0.8775374220868204,0.984047078217328,0.9095894759023836,0.8267099541154992,0.7692162648432141,0.5987047593184237,0.6401057475382251,0.5393486460788219,0.7192413940769388,0.7986457237029266,0.5731959983437969,0.5916441454829435,0.5949049224820284,0.5323448272370387,0.5059151230481215,0.0,0.7930113010391804,0.8179321765258075,0.8166543668692976,0.7834723308207214,0.8336596492856236,0.7770697346792483,0.8607738142279635,0.7728988516571244,1.0,0.848125284365014,0.7668440603858164,0.8558477784080384,0.6310072199355884,0.5705313108983632,0.8716019468999865,0.6469201297598208,0.9281130580336479,0.5892808692934439,0.8964001270095808,0.8389993893170211,0.8089420116690468,0.8452178719109266,0.7898247516655719,0.9209418377364862,0.8833079353346909,0.9119789348704759,0.9329904615219136,0.8384446144337072
42.csv,0.9422867534613657,0.9789830508101228,0.8598152719182752,0.9328400863742299,0.8643965123452417,0.9691822464312356,0.8759728182207355,0.8859612549243691,0.8678937581052477,0.9367533713265199,0.9547009492820449,0.8886123770507113,0.8997864663604094,0.9518454354906518,0.7403630593525672,0.9024124056828752,0.9510306134208196,0.8579895296450373,0.9278887304693677,0.9775246959043383,0.8521332671762907,0.7390976125433991,0.7854487048726947,0.6817269726384876,0.8657563487583194,0.9477284279208981,0.7174810645627576,0.735475477921558,0.7333405312920047,0.6736723150832868,0.646196777266679,0.0,0.9247105017621425,0.9241940511778065,0.9031014304403523,0.9181500874381671,0.9460854270047196,0.9066579064694096,0.9748325401279215,0.90352311218854,0.8498043083341327,1.0,0.8831299718010023,0.9530257804294077,0.7789479336932748,0.7153984093093688,0.9547226162015257,0.7951850141908339,0.9047161333245074,0.7338924336502992,0.9478056054361668,0.9584761893722462,0.955147970156349,0.9645300029053399,0.9276559823099885,0.9236898785874965,0.9586452907788999,0.9335441385370005,0.8951905783130727,0.9657317157349057
43.csv,0.9365627273786493,0.8811510552009317,0.7736152716979561,0.9483435031477099,0.7791264678663739,0.8739936142566902,0.7967789576620999,0.7883111697749652,0.7776179082753247,0.8529188775642369,0.9271687876308803,0.7885064992952813,0.8168495726123997,0.8729079122176207,0.813264104787157,0.8168449935494887,0.8353456162670777,0.7749069380940425,0.8498673021713695,0.8873259663497962,0.8856930746791347,0.8245671517022386,0.8603071077199956,0.7704269422637381,0.9183121423176782,0.9173847350137119,0.7981054797424021,0.8193974438413447,0.8217221692959457,0.7641678379122886,0.7401324950660544,0.0,0.9548967213250646,0.9418799101703869,0.9427731692922675,0.9572769337027375,0.9293364836031218,0.9633796400649627,0.8898456798945722,0.9690006936068263,0.769207808412534,0.8830215724705818,1.0,0.9043145980683446,0.8462121228274248,0.7979704045496863,0.891369280256509,0.8586805902203786,0.8135695919015908,0.8160067742843413,0.8412358404369055,0.9184204738276514,0.9204301276270558,0.9093590171796184,0.9480665449395496,0.8283298817499247,0.8467712310140441,0.8367541365211256,0.7917177989206149,0.9132004224134459
44.csv,0.9458642518358963,0.96492120022297,0.867081787518036,0.9473030426692978,0.8733996192533638,0.9594450835672107,0.8879881945543462,0.8827085551118276,0.8726537017547781,0.9483027200522395,0.956472918933441,0.8843575100817379,0.910105915644,0.9327689822621681,0.7368484087464908,0.9096763296947848,0.9198059735288371,0.8636486172430011,0.9444964006517579,0.9379648823214455,0.8571001715285813,0.7412199727593614,0.7842785976388339,0.6861174053353144,0.8606582595157772,0.9309045615833844,0.7175015861255678,0.7379491464535377,0.7367683881038154,0.6788814590988642,0.6539857698250346,0.0,0.936866455312348,0.942473002570185,0.9437098526862145,0.9271928695882762,0.9710387558478343,0.9144295204114113,0.9763396546100075,0.9133096635084424,0.8587796612657388,0.9534667393676222,0.9053006568246644,1.0,0.7745644563115023,0.7170484232141259,0.9817513376031021,0.7897177289243027,0.8977932491073752,0.7354585231042752,0.9334742149424969,0.9695176101642845,0.9432774072380476,0.9836030669654687,0.9324514380791384,0.9239584580898019,0.9348737278993287,0.9320697786704086,0.8871329228301361,0.9763221202585988
45.csv,0.8227324534693486,0.768568098095359,0.6478565545287743,0.8278063818707322,0.6529881777268962,0.7592789320175926,0.6674301903012794,0.6710770122379177,0.6545549162818185,0.7286582197118909,0.8171569134927092,0.6730668617285462,0.6899461298475738,0.7683931560657855,0.9549175969392921,0.6915937640131913,0.7386943702511088,0.649286749968981,0.7225934616813533,0.8007083010855762,0.804150101535583,0.9434566561999612,0.9822030125947483,0.8975140081708153,0.9137670975020339,0.8338662460375358,0.9355499570378673,0.9481486665255309,0.9331303200939732,0.8883257849423598,0.8586188545565981,0.0,0.8379351054131278,0.8111473967123564,0.7949625699169529,0.8477687956350921,0.7998956835056799,0.8542300925930819,0.7735354065349969,0.8575792225439502,0.640988194624587,0.7825229453533902,0.84883949449746,0.7761086355509544,1.0,0.9332165219271357,0.7640112431823047,0.9838143768928101,0.6984116849053792,0.9493383740212364,0.7312274164715957,0.7972252500333622,0.8248064430401404,0.7887151085167647,0.8431855210315421,0.7094481618423141,0.7421684702864402,0.719079728446097,0.679414729679452,0.7957460550323874
46.csv,0.7682586784468057,0.7126484644924189,0.5955981204961562,0.7753461025056305,0.6009931274168203,0.7036352395866534,0.615894004489625,0.6164349615119877,0.6016059604405626,0.675348189587833,0.7619719310211344,0.6181975748017707,0.637465458201174,0.7119655898984676,0.9553039645726926,0.638575929879935,0.6804447228950097,0.5970292230316306,0.6701718209471568,0.7415915206699863,0.7613030184284406,0.9592369114963908,0.9319732365504568,0.9642481828940174,0.8545843517396896,0.7753849622754493,0.9792521552102769,0.9792104412117439,0.9544811621645322,0.9546201398509073,0.9261760118540892,0.0,0.7855282367042247,0.7607710635127898,0.7507374066029074,0.7949304767646781,0.7478223341391563,0.8021331801235785,0.7185288754523662,0.8061441286618495,0.5895002031524217,0.7249277590048964,0.8049159305260307,0.7239309953804116,0.9343915750129337,1.0,0.711162490996971,0.9189029762524422,0.6435195010738392,0.9820087746259589,0.6749379879082179,0.7432305821698607,0.7675860695647447,0.7348268265724844,0.7888440140153967,0.6549899329972312,0.6849914636658676,0.6643015708152491,0.6238759353338241,0.7413140390441779
47.csv,0.9379073107069573,0.9727363933658066,0.8798004708663387,0.93244540214113,0.8848810693957722,0.9724135325810565,0.9011528285682455,0.8966117993928089,0.8849096917405979,0.9605600849835281,0.9445311103104174,0.8969209583677449,0.923379633155386,0.9440864236221522,0.7224494049014073,0.9239934533217062,0.9292992621558999,0.8786448997899301,0.9557997440090666,0.9356054125840196,0.8577725793861782,0.726332008466438,0.7691128895033819,0.6691492910477315,0.8470707220748753,0.9215125175186536,0.701925809065975,0.7215159627742593,0.7219764129796773,0.6619003781082138,0.6359897789442241,0.0,0.9220338482588732,0.9369607133620445,0.930849558591046,0.9125530804709228,0.9609222303810829,0.9031647385357771,0.9780949965857234,0.9004200991632678,0.8727371599034862,0.954621253023014,0.8912269761802133,0.9815371687512064,0.7595949292575971,0.7004872439438102,1.0,0.7751207415699863,0.9146962177965198,0.7191186256486293,0.9451791603961963,0.9647498522541003,0.9334263711474725,0.9724950903443336,0.9186159638949384,0.9365912304070946,0.945051456049576,0.94466245982846,0.8997268363498102,0.9655167237596644
48.csv,0.8373738742481271,0.7836400338147729,0.6623823073976123,0.8420437418833537,0.6674761485941352,0.7742992431910107,0.6818234892380968,0.6859531205507587,0.6691923268312052,0.7433262646996572,0.8320273152654514,0.6879822715967711,0.7044948591893994,0.7833336842630759,0.9409950650953088,0.7062238418084796,0.754040798401501,0.6637511774278451,0.7371096730361302,0.8162202744301355,0.8148455080172228,0.9309166271552259,0.9791148516578366,0.8815422087885916,0.9290423621508979,0.8493036655452084,0.919753412909635,0.9333339089734055,0.9211678412933758,0.872456848945264,0.8427955116162833,0.0,0.8521014661370706,0.8248369223991456,0.8074204634208481,0.8619744267023801,0.8141511904474037,0.8680952071427417,0.7884540495675845,0.8713020350578571,0.6553568188832138,0.7978440798224016,0.860644562466423,0.7904809666389595,0.9837618969140464,0.9171828639260923,0.778536091688985,1.0,0.7132089368936578,0.9339324773533518,0.7463583600216877,0.8118777595810149,0.8400448516331797,0.803399484758499,0.8577748414641905,0.7243145027646907,0.757415991360224,0.7339937625394906,0.6944179945730959,0.8105208779733815
49.csv,0.8631522026713929,0.9159605481562497,0.9244660725001382,0.8466350421203854,0.9187561784486898,0.9278831603667665,0.9356697158976766,0.9502119557364057,0.9264014286084239,0.932835329729461,0.8641905234874606,0.9399904150627314,0.9445025616768412,0.9247859464534903,0.6448782374417859,0.9535120432283499,0.9296795548205159,0.9401548734852722,0.9296366965103086,0.8822224779646379,0.8198459448908713,0.6454800802112239,0.6881157130047773,0.5821347530190282,0.7698185274451588,0.8514182752437187,0.6200401616781944,0.6363781618908002,0.6410541115384938,0.5746171016543908,0.5451331505763473,0.0,0.8367499597527166,0.8639588857192124,0.8448049087948619,0.828270504747107,0.8766689296998382,0.8251971389410734,0.9053638811438477,0.8191132897130547,0.9258611583657804,0.9006327748520326,0.8057603398958838,0.892403173977147,0.6803170775843054,0.61536382788355,0.9112392625647285,0.6969846224730123,1.0,0.634531735886833,0.9402168460314912,0.8870759749949219,0.8598377639500501,0.8879830473412961,0.8363212910685576,0.9453343700728468,0.9327363275090405,0.9435079460663288,0.9429314467935269,0.883095940059764
50.csv,0.7852811451437143,0.7294932217446459,0.6119891794960726,0.7924569953262065,0.617411938152876,0.7204304568883049,0.6323442864227873,0.6328744489364773,0.6180290181711574,0.6920755582280335,0.779053539735024,0.6346486108212348,0.6540264510155906,0.7284849282014282,0.9615717960361541,0.6551337522716246,0.6969354463335906,0.6133309458666023,0.6868682933921004,0.7583375215808141,0.7757217882057402,0.9671657786717065,0.9493597681800686,0.9478372440885369,0.8718685709892335,0.7923833964833975,0.9736000947203307,0.9945148910251055,0.9596953462484216,0.938712943794997,0.9103868379597538,0.0,0.8026794170165619,0.777530710173384,0.7672339750182364,0.8121310045523892,0.7647841313599323,0.8192070318130404,0.7354286701544515,0.8232913701130932,0.6058049101385661,0.7417433554824054,0.8216005611716992,0.7408303495112458,0.9500247999356143,0.9819346831868475,0.7280143149336058,0.9350382720326387,0.6598894044839165,1.0,0.6915916509187054,0.760191737117009,0.7846323535762821,0.7517988155080115,0.8060391710985733,0.6716234060417954,0.7016315915341428,0.6809689709910458,0.6403188562666193,0.7583139928470526
51.csv,0.8976465009363305,0.9593218090885214,0.9101807909225064,0.8892063562338974,0.9142029771701219,0.9651566423929981,0.9224504794871861,0.9376723951096413,0.9191369041597187,0.9675003997323794,0.908152751020521,0.9410206508004997,0.9452001854398921,0.9365909637459046,0.6895909514965182,0.9485614450924863,0.9737391866839482,0.9053101993605635,0.9590136507913077,0.927737093648024,0.8225437301501592,0.6890154102322437,0.7345757000159383,0.6317132994150998,0.8145223593670051,0.8960502142164537,0.6668908323091579,0.6851053534283611,0.6836291732672869,0.6238373245331312,0.5968868547942445,0.0,0.8795139636834455,0.8890954456862552,0.877469715661898,0.8713736557885936,0.911800960398039,0.8604248604588055,0.9511194547003007,0.8570966176141439,0.8979216526095763,0.9479972543407343,0.8419653756529896,0.9330903887390011,0.7278122897434143,0.6649117597863431,0.94550245764837,0.7439656540658347,0.9428840448600311,0.6833829809327958,1.0,0.9216333034292374,0.904468350199073,0.9313896671173743,0.8798096669178797,0.9723881209238178,0.9860666378622225,0.9805532891058658,0.9473625100266363,0.9269829151379811
52.csv,0.9727718805879347,0.9610927498388334,0.8447996868541975,0.9601634927036603,0.8491656458142856,0.9546495290017472,0.8660541798869941,0.864937801697799,0.8501568118957231,0.9261198189348017,0.9727025605662644,0.8650249880319774,0.888408274129268,0.9470184587912074,0.754618746369268,0.89010596557647,0.9143099400132921,0.8463745660658523,0.9201787894538467,0.9511262934800668,0.8801318953623466,0.7579323801711152,0.8008160125390574,0.6991845764914333,0.8794603422970889,0.9506813064033007,0.7332994221954601,0.7521218310366433,0.7534051604536836,0.6918110761593135,0.6647417028744497,0.0,0.9509503187367351,0.9639461788452433,0.9389654239301233,0.9425546548356407,0.9847058931643857,0.9361647247417784,0.9664604999028523,0.932314586848862,0.8388212857364568,0.957965550117629,0.9174937754275115,0.9688503430867569,0.7913573081952052,0.7310682857420393,0.9643960704650216,0.8070594225209813,0.8903848136889204,0.749862947131654,0.9203772273877933,1.0,0.9621245680309723,0.979082156499553,0.9493330997643659,0.9043091126340369,0.9262452487759109,0.9134992153185544,0.8694049603790504,0.9811159698971783
53.csv,0.9715378128395437,0.9425965231154115,0.8199555195941346,0.9673596352503256,0.8251436837027064,0.9323649922554117,0.8386365925400179,0.8433876372784842,0.8271392152106384,0.9014061997547074,0.9841483628914234,0.8456177543486119,0.86211900344581,0.9280749494741963,0.7833968682697316,0.8638592832763927,0.9068479995794492,0.819092833124069,0.8943255859551003,0.9659381812935582,0.8701132701277827,0.7833160514793881,0.829590609892004,0.7265946069890242,0.9095404157906819,0.9874531375514909,0.7615320001493403,0.7801607455112896,0.7775658432316317,0.71861239797665,0.6914157889400383,0.0,0.9636775816769296,0.944228274221874,0.920013585384371,0.9601353189457836,0.9574499922075669,0.9469146400958611,0.9473606283002651,0.9452299547841907,0.8113396208064837,0.9552157188740337,0.9206239403455444,0.9428263830953659,0.8221954905108777,0.7598977567604978,0.9336754120875357,0.8381856647882194,0.8658005509869648,0.7784204448600595,0.904261113329491,0.9626411986734279,1.0,0.9588813183902036,0.9703314331371735,0.8829191941503209,0.9140789557672321,0.8926974881181051,0.8515133245266387,0.9665144783785262
54.csv,0.9577062344617325,0.9692051751677241,0.8565083633612424,0.9569660601993968,0.8623887410133728,0.9603531857621526,0.8764993494456182,0.8754833738717307,0.8628192362874363,0.9388429546233795,0.9710116532507289,0.8774082070256055,0.8994515982164527,0.9384892728131282,0.7484768341308121,0.8999784527898667,0.9232066178044711,0.8539336929488649,0.9332041680558938,0.9527507455787991,0.8619601982180043,0.75143011516366,0.7956033385067243,0.6956208524544396,0.8734717588592017,0.9467900747193689,0.7282341574892492,0.748138101066262,0.7465746961668882,0.6881332887276105,0.6624486701661981,0.0,0.9467489092230623,0.9470877619104632,0.9383560405472222,0.9376832033353535,0.9762336646704571,0.9243574127924717,0.9802485254847765,0.9228696021140061,0.847901592866349,0.9647553657604534,0.9100183752585893,0.9835528532878297,0.7866063784330877,0.7273835874244314,0.9727308938360383,0.802079047580752,0.8932686950436596,0.7458784919299206,0.9315743437206829,0.9794675583092975,0.9590807625770893,1.0,0.9444584810290808,0.9167085710395091,0.936352141788491,0.9257765145351206,0.8814458850284212,0.992385228010776
55.csv,0.9695810086422324,0.9196934360920515,0.8010488449677168,0.9825848602450482,0.806769278116452,0.9101091018111547,0.8213978827570276,0.8212674596111262,0.8073388127931832,0.8832670772282417,0.9716965882983678,0.8231609665979482,0.8440576961575207,0.9063661343586041,0.8031891453047466,0.8449195320011444,0.8794112587288387,0.8002015409824458,0.8777497530790977,0.9365537218398678,0.8758794313713837,0.80625159359369,0.8509852451056401,0.7508529770572897,0.9277929348157145,0.9681921420973867,0.7835040656287572,0.8035566646934209,0.8010484586047901,0.7432323080901934,0.717179622365865,0.0,0.9888841357590658,0.9497327447885152,0.9333118568529845,0.9898041899392022,0.9540717644426442,0.9692791370547562,0.9272002670749414,0.9718244127881392,0.7933847734111388,0.928086341855995,0.9484233247010992,0.9322169739607233,0.8415559069520301,0.7828285593749136,0.9192808079363577,0.8567612741351179,0.8439811190800658,0.8013317309744926,0.8800843444521042,0.9502463523515063,0.9704633102938738,0.9444358525627709,1.0,0.8618478097361278,0.8883013289152362,0.8712405484012954,0.8280830351924848,0.951059853459945
56.csv,0.88041958637301,0.9399144642156263,0.9360500221112937,0.874031949101638,0.9411132854007019,0.947368300407149,0.9490398700208745,0.9572663070514491,0.9444520886183242,0.9742894585984493,0.8902177353739562,0.9603825922687826,0.9717537131056915,0.9184015474033068,0.6694046402904237,0.9732886343240313,0.9484769672464771,0.9273418306380697,0.9720179830466948,0.9029141743767498,0.8105745113577381,0.6706037454938882,0.7150407028008089,0.6140005398881361,0.7940873530714353,0.8741246589178495,0.6477404846784386,0.6667034059310404,0.6656966099918677,0.6064242510535824,0.5804232999712631,0.0,0.8638234526262341,0.8768063154745179,0.8727219258535294,0.854896671409517,0.899300012496185,0.8439616202165017,0.9347975822388563,0.8410050578802839,0.9225198732725646,0.924377025650991,0.8300333611371942,0.9239290897156638,0.7073312357769523,0.6462520472490554,0.937302566834219,0.7232033715913597,0.9480527959300705,0.664687670150617,0.9725359132019651,0.9063227731321054,0.8837979450648058,0.9169307923231673,0.8622725116572503,1.0,0.9586843873642578,0.9902092688080014,0.9623761669535069,0.9109514920129661
57.csv,0.9051184727060012,0.9654096438987723,0.8965132759849601,0.8955914023593547,0.9002370969427321,0.9689099507989369,0.9086457402114115,0.9254683120798065,0.9055782087626577,0.9574379984925312,0.9158742335900809,0.9287739901877924,0.9313889352008213,0.9432363233793901,0.6999507394157625,0.9350728393703259,0.983277387666217,0.8929490670615873,0.9481519754427391,0.9399163061387666,0.8277019026398904,0.6984224244180137,0.7445005960696085,0.6408478995501181,0.8247054418232318,0.9065865893633324,0.6767343087762122,0.6945189836309378,0.6927875727277102,0.6328247908646163,0.6054128326323629,0.0,0.886369913870056,0.8937257855065844,0.8781706353632376,0.8788111310362279,0.916002539435832,0.8679678700215008,0.9556571796483617,0.8644632381010986,0.8847465527568272,0.9586985238357073,0.847110280137751,0.9343412046447969,0.7382674332566879,0.6744981337677336,0.9452447688912782,0.7545415222807563,0.9355834607842548,0.6929570291223215,0.9860332899410765,0.9272350158967386,0.9140597437513717,0.936027615100088,0.8877775226631395,0.958362639621739,1.0,0.9668527940116091,0.9360895657846084,0.9328629842325351
58.csv,0.8894819882423731,0.9494950051886996,0.9263303868355507,0.8828957533470225,0.9313284055574647,0.9565937119709508,0.9403375311370297,0.9486944381235352,0.9345936528661539,0.9796226131108292,0.8995258152720877,0.9516860398988841,0.963786499811696,0.9260452143536655,0.6786271277306293,0.9656603202880226,0.9550391809109281,0.9191551504564105,0.9741957559403933,0.9124834224202004,0.8172466557592877,0.6796348526192977,0.7242748530352499,0.6229272577158573,0.8034941035381222,0.8837351534127578,0.6568591660885263,0.6757645866726226,0.6746483430101038,0.6153023954383982,0.5891489485969785,0.0,0.872742581679636,0.8848387270869496,0.8792904182749445,0.8639168999395597,0.9077290592845885,0.8528695953832945,0.9441339881146708,0.8499011746459595,0.9136170994959664,0.9340518742321868,0.8381514844329461,0.931949975889351,0.7166433683858846,0.6553255970683434,0.9452079132794006,0.73255391111379,0.9462432826124436,0.6737820837883823,0.9806307451595093,0.9152028909655758,0.89335621537312,0.9258726192362615,0.8714596356835073,0.9901957882565376,0.9670636484191906,1.0,0.9549805495603684,0.9200913204628608
59.csv,0.8472559027187601,0.908043491170694,0.9506223298904583,0.8389666997062382,0.9515512877081379,0.9158400002308569,0.9477055961778927,0.9813733110691539,0.9615200929166009,0.9366680810664809,0.8568023596274357,0.9898196840043105,0.9559183451324371,0.8946774966529994,0.6391846574122713,0.9592072321157364,0.9359225080421312,0.9395363358740508,0.9354285015526576,0.8769699497822027,0.7835359227759215,0.6385199206134121,0.6836124881798952,0.5813038888064069,0.7631586141161152,0.8443322811877174,0.6163571523613665,0.6343855027957812,0.633294793482315,0.5735099407882012,0.5467991677432475,0.0,0.8290127007198979,0.8423716350564043,0.835185376134124,0.8205324385509244,0.863553661407352,0.8101312208664556,0.900732488716449,0.806639698825515,0.9343178598991696,0.8961183126425245,0.7937527346525433,0.8870718957360422,0.6770291167553486,0.6142904882560847,0.9008364164431483,0.6931389881282884,0.9457609912815151,0.6326652113742719,0.9476361666113317,0.8721333798414036,0.8526050345942957,0.8817439282617339,0.8285850688856207,0.9623703569194927,0.9365736329921287,0.9550355076660563,1.0,0.8764746675980997
60.csv,0.963383808412491,0.9660104124993268,0.8496931465866866,0.96226167011271,0.8554394100544852,0.9563641739646603,0.8694536745070838,0.8696158240856385,0.8561850438679914,0.9320225411521366,0.9783175891033995,0.8716061022213377,0.8925443004257706,0.9381559158513011,0.7552538646488517,0.8933367532503351,0.9210723071079663,0.8474896525357899,0.9260254042353615,0.9574143611603428,0.864478346718149,0.757765434993467,0.8022949526139959,0.7017806688115429,0.8805467669189291,0.9543075668436343,0.7347657705423802,0.7544986134180414,0.7527682842626063,0.6942110581355365,0.6682728832109479,0.0,0.9523732347968525,0.9492589904619806,0.9370075780606518,0.943696493397242,0.9771123168108282,0.9300592313382271,0.9756553285059609,0.9285490275463737,0.8410951100832229,0.9659171278784691,0.9137500592011447,0.9762270693664864,0.7935117166325995,0.7338004961660886,0.9657799081879813,0.8090672387031287,0.8885064795325841,0.7523142334046911,0.9271103433551272,0.9814463080345929,0.9666452731912355,0.9923780012550165,0.9510333568551712,0.9106285382432958,0.9331401720607306,0.9199117852249543,0.8760458176684729,1.0
